{"cameraMode":{"drawMode":0,"name":"Shaded","section":"Shading Mode"},"sceneLighting":true,"audioPlay":false,"sceneViewState":{"m_AlwaysRefresh":false,"showFog":true,"showSkybox":true,"showFlares":true,"showImageEffects":true,"showParticleSystems":true,"showVisualEffectGraphs":true,"m_FxEnabled":true},"in2DMode":false,"pivot":{"x":154.4093017578125,"y":210.77919006347657,"z":412.4361572265625},"rotation":{"x":-0.006309554912149906,"y":-0.005402710288763046,"z":0.0000342432722391095,"w":-0.9999679923057556},"size":433.30621337890627,"orthographic":false}