{"cameraMode":{"drawMode":0,"name":"Shaded","section":"Shading Mode"},"sceneLighting":true,"audioPlay":false,"sceneViewState":{"m_AlwaysRefresh":false,"showFog":true,"showSkybox":true,"showFlares":true,"showImageEffects":true,"showParticleSystems":true,"showVisualEffectGraphs":true,"m_FxEnabled":true},"in2DMode":false,"pivot":{"x":-1.7698214054107667,"y":-0.24486367404460908,"z":-1.997597336769104},"rotation":{"x":-0.11655879765748978,"y":0.3815443515777588,"z":-0.04856683313846588,"w":-0.9156898260116577},"size":16.066570281982423,"orthographic":false}